# This repository adheres to the publiccode.yml standard by including this 
# metadata file that makes public software easily discoverable.
# More info at https://github.com/italia/publiccode.yml

publiccodeYmlVersion: '0.2'
name: PiTre
applicationSuite: PiTre
url: 'https://github.com/ProvinciaAutonomaTrento/PITre.git'
landingURL: 'https://github.com/ProvinciaAutonomaTrento/PITre'
logo: screenshots/pitre_logo.png
releaseDate: '2019-10-01'
developmentStatus: stable
softwareVersion: 3.2.19
softwareType: standalone/web
platforms:
  - web
usedBy:
  - Provincia autonoma di Trento 
  - Regione Autonoma Trentino Alto Adige - Autonome Region Trentino-Südtirol
  - Altri Enti  Conservatorio Musicale Francesco Antonio Bonporti (Trento)
  - Altri Enti  Federazione VVF Volontari della Provincia Autonoma di Trento
  - Altri Enti  Opera Universitaria (Trento)
  - Altri Enti  Unione dei Comuni dell'Alta Anaunia (Cavareno)
  - Altri Enti  Università degli Studi (Trento)
  - Altri Enti  Consorzio BIM del Chiese
  - Società pubbliche strumentali ASIS Azienda speciale per la gestione degli impianti sportivi del Comune di Trento
  - Società pubbliche strumentali Trentino Digitale Spa
  - Società pubbliche strumentali Ingarda Trentino
  - Società pubbliche strumentali IPRASE
  - Società pubbliche strumentali ITEA
  - Società pubbliche strumentali Patrimonio del Trentino
  - Società pubbliche strumentali Trentino Riscossioni
  - Società pubbliche strumentali Trentino School of Management
  - Società pubbliche strumentali Trentino marketing
  - Società pubbliche strumentali Trentino Trasporti S.p.A.
  - Società pubbliche strumentali Trentino Sviluppo
  - Società pubbliche strumentali Centro Servizi Culturali Santa Chiara
  - Società pubbliche strumentali Cassa del Trentino
  - Società pubbliche strumentali Centro Servizi Condiviso del Trentino
  - Pubblica amministrazione locale  Azienda Provinciale per i Servizi Sanitari di Trento
  - Pubblica amministrazione locale  Azienda Forestale Trento-Sopramonte
  - Pubblica amministrazione locale  Azienda Consorziale Terme di Comano
  - Pubblica amministrazione locale  Consiglio della Provincia Autonoma di Trento
  - Pubblica amministrazione locale  Consiglio Regionale del Trentino Alto Adige
  - Pubblica amministrazione locale  Consorzio dei Comuni Trentini
  - Pubblica amministrazione locale  Provincia Autonoma di Trento
  - Pubblica amministrazione locale  Tribunale Amministrativo Regionale per la Giustizia Amministrativa (Trento)
  - Pubblica amministrazione locale  Consorzio per i Servizi Territoriali del Noce - Val di Sole
  - Comunità di Valle del Trentino  Comunità di Primiero
  - Comunità di Valle del Trentino Comunità Alta Valsugana e Bernstol
  - Comunità di Valle del Trentino Comunità Valsugana e Tesino
  - Comunità di Valle del Trentino Comunità della Valle di Cembra 
  - Comunità di Valle del Trentino Comunità della Val di Non 
  - Comunità di Valle del Trentino Comunità Val di Sole
  - Comunità di Valle del Trentino Comunità delle Giudicarie
  - Comunità di Valle del Trentino Comunità Alto Garda e Ledro
  - Comunità di Valle del Trentino Comunità della Vallagarina
  - Comunità di Valle del Trentino Comun General de Fascia 
  - Comunità di Valle del Trentino Magnifica Comunità degli Altipiani Cimbri
  - Comunità di Valle del Trentino Comunità Rotaliana - Königsberg
  - Comunità di Valle del Trentino Comunità della Paganella 
  - Comunità di Valle del Trentino Comunità della Valle dei Laghi 
  - Comunità di Valle del Trentino Comunità territoriale della Val di Fiemme
  - Comune del Trentino Ala
  - Comune del Trentino Albiano
  - Comune del Trentino Aldeno
  - Comune del Trentino Altavalle
  - Comune del Trentino Andalo
  - Comune del Trentino Altopiano della Vigolana
  - Comune del Trentino Amblar Don
  - Comune del Trentino Avio
  - Comune del Trentino Baselga di Pinè
  - Comune del Trentino Bedollo
  - Comune del Trentino Besenello
  - Comune del Trentino Bieno
  - Comune del Trentino Bleggio Superiore
  - Comune del Trentino Bocenago
  - Comune del Trentino Bondone
  - Comune del Trentino Borgo Chiese
  - Comune del Trentino Borgo Lares
  - Comune del Trentino Brentonico
  - Comune del Trentino Bresimo
  - Comune del Trentino Brez
  - Comune del Trentino Caderzone Terme
  - Comune del Trentino Cagnò
  - Comune del Trentino Calceranica al Lago
  - Comune del Trentino Caldes
  - Comune del Trentino Caldonazzo
  - Comune del Trentino Calliano 
  - Comune del Trentino Canazei
  - Comune del Trentino Castello-Molina di Fiemme
  - Comune del Trentino Comano Terme
  - Comune del Trentino Campitello di Fassa
  - Comune del Trentino Campodenno
  - Comune del Trentino Capriana
  - Comune del Trentino Carano
  - Comune del Trentino Carisolo
  - Comune del Trentino Carzano
  - Comune del Trentino Castel Condino
  - Comune del Trentino Castello Tesino
  - Comune del Trentino Castelfondo
  - Comune del Trentino Castelnuovo
  - Comune del Trentino Cavalese
  - Comune del Trentino Cavareno
  - Comune del Trentino Cavedago
  - Comune del Trentino Cavedine
  - Comune del Trentino Cavizzana
  - Comune del Trentino Cembra Lisignago
  - Comune del Trentino Cimone
  - Comune del Trentino Cinte Tesino
  - Comune del Trentino Cis
  - Comune del Trentino Cloz
  - Comune del Trentino Commezzadura
  - Comune del Trentino Contà
  - Comune del Trentino Croviana
  - Comune del Trentino Daiano
  - Comune del Trentino Dambel
  - Comune del Trentino Denno
  - Comune del Trentino Dimaro Folgarida
  - Comune del Trentino Faedo
  - Comune del Trentino Fai della Paganella
  - Comune del Trentino Fiavè
  - Comune del Trentino Fierozzo
  - Comune del Trentino Folgaria
  - Comune del Trentino Fondo
  - Comune del Trentino Fornace
  - Comune del Trentino Frassilongo
  - Comune del Trentino Garniga Terme
  - Comune del Trentino Giovo
  - Comune del Trentino Giustino
  - Comune del Trentino Imer
  - Comune del Trentino Isera
  - Comune del Trentino Lavarone
  - Comune del Trentino Ledro
  - Comune del Trentino Livo
  - Comune del Trentino Lona - Lases
  - Comune del Trentino Luserna
  - Comune del Trentino Madruzzo
  - Comune del Trentino Malè
  - Comune del Trentino Malosco
  - Comune del Trentino Massimeno
  - Comune del Trentino Mazzin
  - Comune del Trentino Mezzana
  - Comune del Trentino Mezzano
  - Comune del Trentino Mezzocorona
  - Comune del Trentino Mezzolombardo
  - Comune del Trentino Moena
  - Comune del Trentino Molveno
  - Comune del Trentino Mori
  - Comune del Trentino Nogaredo
  - Comune del Trentino Nomi
  - Comune del Trentino Novaledo
  - Comune del Trentino Ossana
  - Comune del Trentino Palù del Fersina
  - Comune del Trentino Panchià
  - Comune del Trentino Peio
  - Comune del Trentino Pellizzano
  - Comune del Trentino Pelugo
  - Comune del Trentino Pieve di Bono - Prezzo
  - Comune del Trentino Pieve Tesino
  - Comune del Trentino Pomarolo
  - Comune del Trentino Porte di Rendena
  - Comune del Trentino Predaia
  - Comune del Trentino Predazzo
  - Comune del Trentino Primiero San Martino di Castrozza
  - Comune del Trentino Rabbi
  - Comune del Trentino Revò
  - Comune del Trentino Riva del Garda
  - Comune del Trentino Romallo
  - Comune del Trentino Romeno
  - Comune del Trentino Roncegno Terme
  - Comune del Trentino Ronchi Valsugana
  - Comune del Trentino Ronzo-Chienis
  - Comune del Trentino Ronzone
  - Comune del Trentino Roverè della Luna
  - Comune del Trentino Ruffrè - Mendola
  - Comune del Trentino Rumo
  - Comune del Trentino Sagnon - Mis
  - Comune del Trentino Samone
  - Comune del Trentino San Giovanni di Fassa - Sèn Jan
  - Comune del Trentino San Lorenzo Dorsino
  - Comune del Trentino San Michele all'Adige
  - Comune del Trentino Sant'Orsola Terme
  - Comune del Trentino Sanzeno
  - Comune del Trentino Sarnonico
  - Comune del Trentino Segonzano
  - Comune del Trentino Sella Giudicarie
  - Comune del Trentino Sfruz
  - Comune del Trentino Soraga di Fassa
  - Comune del Trentino Sover
  - Comune del Trentino Spiazzo
  - Comune del Trentino Spormaggiore
  - Comune del Trentino Sporminore
  - Comune del Trentino Stenico
  - Comune del Trentino Storo
  - Comune del Trentino Strembo
  - Comune del Trentino Telve
  - Comune del Trentino Telve di Sopra
  - Comune del Trentino Tenna
  - Comune del Trentino Tenno
  - Comune del Trentino Terragnolo
  - Comune del Trentino Terre d'Adige
  - Comune del Trentino Terzolas
  - Comune del Trentino Tesero
  - Comune del Trentino Tione di Trento
  - Comune del Trentino Ton
  - Comune del Trentino Torcegno
  - Comune del Trentino Trambileno
  - Comune del Trentino Tre Ville
  - Comune del Trentino Trento
  - Comune del Trentino Valdaone
  - Comune del Trentino Valfloriana
  - Comune del Trentino Vallarsa
  - Comune del Trentino Vallelaghi
  - Comune del Trentino Varena
  - Comune del Trentino Vermiglio
  - Comune del Trentino Vignola Falesina
  - Comune del Trentino Villa Lagarina
  - Comune del Trentino Ville d'Anaunia
  - Comune del Trentino Volano
  - Comune del Trentino Ziano di Fiemme
  - Formazione - Istituti scolastici Istituto Comprensivo Antonio Bresciani (Ala)
  - Formazione - Istituti scolastici Istituto Comprensivo Aldeno - Mattarello (Mattarello)
  - Formazione - Istituti scolastici Istituto Comprensivo Alta Val di Sole (Fucine di Ossana)
  - Formazione - Istituti scolastici Istituto Comprensivo Alta Vallagarina (Volano)
  - Formazione - Istituti scolastici Istituto Comprensivo Altopiano di Piné (Baselga di Pinè)
  - Formazione - Istituti scolastici Istituto Comprensivo Arco
  - Formazione - Istituti scolastici Istituto Comprensivo Avio
  - Formazione - Istituti scolastici Istituto Comprensivo Bassa Anaunia – Tuenno (Denno)
  - Formazione - Istituti scolastici Istituto Comprensivo Bassa Val di Sole Giovanni Ciccolini (Malè)
  - Formazione - Istituti scolastici Istituto Comprensivo Borgo Valsugana
  - Formazione - Istituti scolastici Istituto Comprensivo Cavalese
  - Formazione - Istituti scolastici Istituto Comprensivo Cembra
  - Formazione - Istituti scolastici Istituto Comprensivo Centro Valsugana (Roncegno Terme)
  - Formazione - Istituti scolastici Istituto Comprensivo del Chiese Don Lorenzo Milani (Storo)
  - Formazione - Istituti scolastici Istituto Comprensivo Civezzano
  - Formazione - Istituti scolastici Istituto Comprensivo Cles Bernardo Clesio
  - Formazione - Istituti scolastici Istituto Comprensivo Folgaria – Lavarone – Luserna (Folgaria)
  - Formazione - Istituti scolastici Istituto Comprensivo Fondo – Revò (Fondo)
  - Formazione - Istituti scolastici Istituto Comprensivo Giudicarie Esteriori (Comano Terme)
  - Formazione - Istituti scolastici Istituto Comprensivo Isera - Rovereto (Rovereto)
  - Formazione - Istituti scolastici Scuola Ladina di Fassa – Scola Ladina de Fascia
  - Formazione - Istituti scolastici Istituto Comprensivo Lavis
  - Formazione - Istituti scolastici Istituto Comprensivo Levico Terme
  - Formazione - Istituti scolastici Istituto Comprensivo Mezzocorona
  - Formazione - Istituti scolastici "Istituto Comprensivo Mezzolombardo – Paganella (Mezzolombardo)"
  - Formazione - Istituti scolastici Istituto Comprensivo Mori – Brentonico (Mori)
  - Formazione - Istituti scolastici Istituto Comprensivo Pergine 1 (Pergine Valsugana)
  - Formazione - Istituti scolastici "Istituto Comprensivo Pergine 2 Celestin Freinet (Pergine Valsugana)"
  - Formazione - Istituti scolastici "Istituto Comprensivo Predazzo - Tesero - Panchià - Ziano (Predazzo)"
  - Formazione - Istituti scolastici "Istituto Comprensivo di Scuola Primaria e Secondaria di I e II grado Primiero"
  - Formazione - Istituti scolastici Istituto Comprensivo Riva 1 (Riva del Garda)
  - Formazione - Istituti scolastici Istituto Comprensivo Riva 2 (Riva del Garda)
  - Formazione - Istituti scolastici Istituto Comprensivo Rovereto Est (Rovereto)
  - Formazione - Istituti scolastici Istituto Comprensivo Rovereto Nord (Rovereto)
  - Formazione - Istituti scolastici Istituto Comprensivo Rovereto Sud (Rovereto)
  - Formazione - Istituti scolastici Istituto Comprensivo Strigno e Tesino (Strigno)
  - Formazione - Istituti scolastici Istituto Comprensivo Taio
  - Formazione - Istituti scolastici Istituto Comprensivo Tione
  - Formazione - Istituti scolastici Istituto Comprensivo Trento 1
  - Formazione - Istituti scolastici Istituto Comprensivo Trento 2 Johannes Amos Comenius
  - Formazione - Istituti scolastici Istituto Comprensivo Trento 3
  - Formazione - Istituti scolastici Istituto Comprensivo Trento 4
  - Formazione - Istituti scolastici Istituto Comprensivo Trento 5
  - Formazione - Istituti scolastici Istituto Comprensivo Trento 6
  - Formazione - Istituti scolastici Istituto Comprensivo Trento 7 (Gardolo)
  - Formazione - Istituti scolastici Istituto Comprensivo Val Rendena (Pinzolo)
  - Formazione - Istituti scolastici Istituto Comprensivo Valle dei Laghi – Dro (Vezzano)
  - Formazione - Istituti scolastici Istituto Comprensivo Valle di Ledro (Bezzecca)
  - Formazione - Istituti scolastici Istituto Comprensivo Vigolo Vattaro
  - Formazione - Istituti scolastici Istituto Comprensivo Villa Lagarina
  - Formazione - Istituti scolastici Istituto di Istruzione Alcide Degasperi (Borgo Valsugana)
  - Formazione - Istituti scolastici Istituto di Istruzione La Rosa Bianca – Weisse Rose (Cavalese)
  - Formazione - Istituti scolastici Istituto di Istruzione Martino Martini (Mezzolombardo)
  - Formazione - Istituti scolastici Istituto di Istruzione Marie Curie (Pergine Valsugana)
  - Formazione - Istituti scolastici Istituto di Istruzione Don Lorenzo Milani (Rovereto)
  - Formazione - Istituti scolastici Istituto di Istruzione Don Lorenzo Guetti (Tione di Trento)
  - Formazione - Istituti scolastici Istituto Tecnico Economico Commerciale Antonio Tambosi (Trento)
  - Formazione - Istituti scolastici "Istituto Tecnico Economico e Tecnologico Giacomo Floriani (Riva del Garda)"
  - Formazione - Istituti scolastici Istituto Tecnico Economico e Tecnologico Carlo Antonio Pilati (Cles)
  - Formazione - Istituti scolastici "Istituto Tecnico Economico e Tecnologico Felice e Gregorio Fontana (Rovereto)"
  - Formazione - Istituti scolastici Istituto Tecnico e Tecnologico Guglielmo Marconi (Rovereto)
  - Formazione - Istituti scolastici "Istituto Tecnico e Tecnologico Michelangelo Buonarroti – Andrea Pozzo (Trento)"
  - Formazione - Istituti scolastici Liceo Andrea Maffei (Riva del Garda)
  - Formazione - Istituti scolastici Liceo Bernard Russell (Cles)
  - Formazione - Istituti scolastici Liceo Fabio Filzi (Rovereto)
  - Formazione - Istituti scolastici Liceo Antonio Rosmini (Rovereto)
  - Formazione - Istituti scolastici Liceo Antonio Rosmini (Trento)
  - Formazione - Istituti scolastici Liceo Leonardo da Vinci (Trento)
  - Formazione - Istituti scolastici Liceo Galileo Galilei (Trento)
  - Formazione - Istituti scolastici Liceo Giovanni Prati (Trento)
  - Formazione - Istituti scolastici Liceo Linguistico Sophie Magdalene Scholl (Trento)
  - Formazione - Istituti scolastici "Istituto di Istruzione delle Arti - Liceo Artistico Alessandro Vittoria - Liceo Coreutico Musicale Bonporti - Liceo Artistico Depero (Trento)"
  - Formazione - Istituti scolastici "Istituto di Formazione Professionale Servizi alla Persona e del Legno Sandro Pertini (Trento)"
  - Formazione - Istituti scolastici "Istituto di Formazione Professionale Alberghiero - (Rovereto - Levico Terme)"
  - Ministero per i beni e le attività culturali e per il turismo
  - Musei & Fondazioni Bersntoler Kulturinstitut - Istituto Culturale Mocheno
  - Musei & Fondazioni Ente Parco Paneveggio Pale di San Martino
  - Musei & Fondazioni Fondazione Museo storico del Trentino
  - Musei & Fondazioni Istituto Cimbro Kulturinstitut Luserna
  - Musei & Fondazioni Istituto Culturale Ladino
  - Musei & Fondazioni MART
  - Musei & Fondazioni Museo Castello del Buonconsiglio
  - Musei & Fondazioni MUSE
  - Musei & Fondazioni Museo degli Usi e Costumi della Gente Trentina
  - Musei & Fondazioni Parco Adamello Brenta
  - Musei & Fondazioni Fondazione Edmund Mach
  - Amministrazioni Separate dei beni di Uso Civico (ASUC) ASUC di Alba (Comune di Canazei)
  - Amministrazioni Separate dei beni di Uso Civico (ASUC) ASUC di Almazzago (Comune di Commezzadura)
  - Amministrazioni Separate dei beni di Uso Civico (ASUC) ASUC di Bedollo
  - Amministrazioni Separate dei beni di Uso Civico (ASUC) ASUC di Bolentina (Comune di Malè)
  - Amministrazioni Separate dei beni di Uso Civico (ASUC) ASUC di Brusago (Comune di Bedollo)
  - Amministrazioni Separate dei beni di Uso Civico (ASUC) ASUC di Bozzana (Comune di Caldes)
  - Amministrazioni Separate dei beni di Uso Civico (ASUC) ASUC di Caldes
  - Amministrazioni Separate dei beni di Uso Civico (ASUC) ASUC di Canazei
  - Amministrazioni Separate dei beni di Uso Civico (ASUC) ASUC di Carciato (Comune di Dimaro Folgarida)
  - Amministrazioni Separate dei beni di Uso Civico (ASUC) ASUC di Castello (Comune di Pellizzano)
  - Amministrazioni Separate dei beni di Uso Civico (ASUC) ASUC di Celentino (Comune di Peio)
  - Amministrazioni Separate dei beni di Uso Civico (ASUC) ASUC di Celledizzo (Comune di Peio)
  - Amministrazioni Separate dei beni di Uso Civico (ASUC) ASUC di Cogolo (Comune di Peio)
  - Amministrazioni Separate dei beni di Uso Civico (ASUC) ASUC di Comasine (Comune di Peio)
  - Amministrazioni Separate dei beni di Uso Civico (ASUC) ASUC di Coredo (Comune di Predaia)
  - Amministrazioni Separate dei beni di Uso Civico (ASUC) ASUC di Dardine (Comune di Predaia)
  - Amministrazioni Separate dei beni di Uso Civico (ASUC) ASUC di Deggiano (Comune di Commezzadura)
  - Amministrazioni Separate dei beni di Uso Civico (ASUC) ASUC di Dimaro (Comune di Dimaro Folgarida)
  - Amministrazioni Separate dei beni di Uso Civico (ASUC) ASUC di Gries (Comune di Canazei)
  - Amministrazioni Separate dei beni di Uso Civico (ASUC) ASUC di Lanza (Comune di Rumo)
  - Amministrazioni Separate dei beni di Uso Civico (ASUC) ASUC di Marcena (Comune di Rumo)
  - Amministrazioni Separate dei beni di Uso Civico (ASUC) ASUC di Mione - Corte (Comune di Rumo)
  - Amministrazioni Separate dei beni di Uso Civico (ASUC) ASUC di Mocenigo (Comune di Rumo)
  - Amministrazioni Separate dei beni di Uso Civico (ASUC) ASUC di Monclassico (Comune di Dimaro Folgarida)
  - Amministrazioni Separate dei beni di Uso Civico (ASUC) ASUC di Peio
  - Amministrazioni Separate dei beni di Uso Civico (ASUC) ASUC di Pellizzano
  - Amministrazioni Separate dei beni di Uso Civico (ASUC) ASUC di Penia (Comune di Canazei)
  - Amministrazioni Separate dei beni di Uso Civico (ASUC) ASUC di Pera di Fassa (Comune di Sèn Jan di Fassa)
  - Amministrazioni Separate dei beni di Uso Civico (ASUC) ASUC di Piano (Comune di Commezzadura)
  - Amministrazioni Separate dei beni di Uso Civico (ASUC) ASUC di Piazze (Comune di Bedollo)
  - Amministrazioni Separate dei beni di Uso Civico (ASUC) ASUC di Pozza di Fassa (Comune di Sèn Jan di Fassa)
  - Amministrazioni Separate dei beni di Uso Civico (ASUC) ASUC di Presson (Comune di Dimaro Folgarida)
  - Amministrazioni Separate dei beni di Uso Civico (ASUC) ASUC di Priò (Comune di Predaia)
  - Amministrazioni Separate dei beni di Uso Civico (ASUC) ASUC di Regnana (Comune di Bedollo)
  - Amministrazioni Separate dei beni di Uso Civico (ASUC) ASUC di Samoclevo (Comune di Caldes)
  - Amministrazioni Separate dei beni di Uso Civico (ASUC) ASUC di San Giacomo (Comune di Caldes)
  - Amministrazioni Separate dei beni di Uso Civico (ASUC) ASUC di Sant'Orsola Terme.
  - Amministrazioni Separate dei beni di Uso Civico (ASUC) ASUC di Segno (Comune di Predaia)
  - Amministrazioni Separate dei beni di Uso Civico (ASUC) ASUC di Smarano (Comune di Predaia)
  - Amministrazioni Separate dei beni di Uso Civico (ASUC) ASUC di Taio (Comune di Predaia)
  - Amministrazioni Separate dei beni di Uso Civico (ASUC) ASUC di Termenago (Comune di Pellizzano)
  - Amministrazioni Separate dei beni di Uso Civico (ASUC) ASUC di Tres (Comune di Predaia)
  - Amministrazioni Separate dei beni di Uso Civico (ASUC) ASUC di Verdesina (Comune di Porte di Rendena)
  - Amministrazioni Separate dei beni di Uso Civico (ASUC) ASUC di Vervò (Comune di Predaia)
  - Amministrazioni Separate dei beni di Uso Civico (ASUC) ASUC di Vigo di Fassa (Comune di Sèn Jan di Fassa)
  - Amministrazioni Separate dei beni di Uso Civico (ASUC) ASUC di Villa Rendena (Comune di Porte di Rendena)
  - Amministrazioni Separate dei beni di Uso Civico (ASUC) ASUC di Vion (Comune di Predaia) 
categories:
  - document-management
maintenance:
  type: internal
  contacts:
    - name: Trentino Digitale SPA
      email: pitre.informaticatrentina@tndigit.it
      phone: +39 0461800111
      affiliation: Società in-house della Provincia autonoma di Trento
legal:
  license: EUPL-1.2
  mainCopyrightOwner: Provincia Autonoma di Trento
  repoOwner: Provincia Autonoma di Trento
intendedAudience:
  scope:
    - local-authorities
    - government
  countries:
    - it
localisation:
  localisationReady: false
  availableLanguages:
    - it
it:
  countryExtensionVersion: '0.2'
  riuso:
    codiceIPA: p_tn
  piattaforme:
    spid: false
  conforme:
    gdpr: true
    modelloInteroperabilita: true
    misureMinimeSicurezza: true
description:
  it:
    localisedName: PiTre
    genericName: PiTre
    documentation: 'https://github.com/ProvinciaAutonomaTrento/PITre/blob/versione-3.2.19/documentazione/README.md'
    
    apiDocumentation: 'https://github.com/ProvinciaAutonomaTrento/PITre/blob/versione-3.2.19/documentazione/Documentazione%20Pis/README.md'
    
    shortDescription: Sistema di Protocollo Informatico Federato e di Gestione Documentale
    
    longDescription: >
    
     I sistemi di Protocollo Informatico e Gestione Documentale in Trentino mirano a dematerializzare 
     i documenti cartacei, velocizzare la ricerca delle informazioni, rendere flessibile e rapida la 
     gestione, garantendo sicurezza ed integrazione.

      L’utilizzo del Protocollo Informatico Trentino P.I.Tre. presso gli Enti del Sistema Informativo Elettronico del 
      Trentino è in continua diffusione, con l’obiettivo di migliorare la comunicazione tra le Pubbliche Amministrazioni 
      trentine, razionalizzare gli archivi e favorire la diffusione di nuove tecnologie informatiche (documento elettronico,
      firma digitale, posta elettronica certificata). 
      
      Gli Enti utilizzatori del sistema, oltre alla Provincia Autonoma di Trento, sono i Comuni, le Comunità di Valle, le ASUC,
      gli Enti strumentali e le Scuole. P.I.Tre. si può quindi definire un sistema di “Protocollo Informatico Federato e di 
      Gestione Documentale” che oltre alla protocollazione consente la fascicolazione, classificazione e gestione efficace 
      dei documenti a livello elettronico, identificando in modo univoco ciascuno di essi e permettendo di verificarne in 
      qualsiasi momento lo stato, nonché l’iter della pratica ad esso collegata.

      Il sistema P.I.Tre ha consentito la realizzazione di un’unica infrastruttura federata per tutte le Pubbliche Amministrazioni
      del Trentino che, grazie alle funzionalità di gestione documentale, ai servizi di firma digitale e alla posta elettronica 
      certificata (PEC), si integra con i vari sottosistemi informativi quali: i servizi della Liquidazione Informatica (in fase realizzativa), 
      la Fatturazione Elettronica, il portale dell’Albo Telematico, il Sistema di conservazione a norma,
      la Modulistica Interattiva sino al Portale dei servizi al cittadino per favorire sempre più il dialogo telematico tra cittadino,
      categorie imprenditoriali e pubblica amministrazione.

      Il sistema infatti integra gli Enti al servizio di Conservazione dei Documenti Digitali messo a disposizione di tutti gli 
      Enti trentini che utilizzano P.I.Tre.. L’integrazione con SACER, la piattaforma sviluppata e manutenuta dal Polo Archivistico 
      dell’Emilia Romagna - Conservatore accreditato presso l’Agenzia per l’Italia Digitale, consente di inviare direttamente da 
      P.I.Tre. in Conservazione i documenti digitali nel rispetto della normativa, verificando e controllando l’integrità dei 
      documenti e seguendo lo sviluppo tecnologico dei vari formati nel tempo al fine di convertire e certificare il documento.

           
    features:
      - Protocollo Informatico Federato
      - Gestione Documentale
